AA,Log2_Enrichment(O/E),p_value_corrected(FDR_BH),Ligand,Total_Neighbors,Chi2_p_value,Analysis_Type
ALA,0.00151836,1,45D,770,1.02661e-136,Кольца+Заместители
ARG,-1.43563,8.74598e-06,45D,770,1.02661e-136,Кольца+Заместители
ASN,-0.871769,0.00758512,45D,770,1.02661e-136,Кольца+Заместители
ASP,-2.76849,4.65687e-11,45D,770,1.02661e-136,Кольца+Заместители
CYS,0.794095,0.0297698,45D,770,1.02661e-136,Кольца+Заместители
GLN,-2.92199,8.64387e-09,45D,770,1.02661e-136,Кольца+Заместители
GLU,-1.20172,9.4483e-06,45D,770,1.02661e-136,Кольца+Заместители
GLY,-0.276712,0.229572,45D,770,1.02661e-136,Кольца+Заместители
HIS,-5.74239,9.02179e-08,45D,770,1.02661e-136,Кольца+Заместители
ILE,0.737312,3.82503e-05,45D,770,1.02661e-136,Кольца+Заместители
LEU,1.00868,1.98611e-15,45D,770,1.02661e-136,Кольца+Заместители
LYS,-5.74239,3.74165e-20,45D,770,1.02661e-136,Кольца+Заместители
MET,1.26101,7.0454e-07,45D,770,1.02661e-136,Кольца+Заместители
PHE,-0.210492,0.530413,45D,770,1.02661e-136,Кольца+Заместители
PRO,1.10836,2.26179e-09,45D,770,1.02661e-136,Кольца+Заместители
SER,-4.74239,2.73513e-20,45D,770,1.02661e-136,Кольца+Заместители
THR,-1.01457,0.000437974,45D,770,1.02661e-136,Кольца+Заместители
TRP,2.62111,9.02481e-25,45D,770,1.02661e-136,Кольца+Заместители
TYR,1.29827,3.00969e-09,45D,770,1.02661e-136,Кольца+Заместители
VAL,0.402318,0.0297698,45D,770,1.02661e-136,Кольца+Заместители
ALA,-1.73239,0.855359,A1L,24,1.41595e-16,Кольца+Заместители
ARG,1.98316,0.102334,A1L,24,1.41595e-16,Кольца+Заместители
ASN,-1.73239,1,A1L,24,1.41595e-16,Кольца+Заместители
ASP,1.97223,0.102334,A1L,24,1.41595e-16,Кольца+Заместители
CYS,-1.73239,1,A1L,24,1.41595e-16,Кольца+Заместители
GLN,-1.73239,1,A1L,24,1.41595e-16,Кольца+Заместители
GLU,-1.73239,0.855359,A1L,24,1.41595e-16,Кольца+Заместители
GLY,-0.732391,1,A1L,24,1.41595e-16,Кольца+Заместители
HIS,-1.73239,1,A1L,24,1.41595e-16,Кольца+Заместители
ILE,1.0781,0.855359,A1L,24,1.41595e-16,Кольца+Заместители
LEU,-1.73239,0.855359,A1L,24,1.41595e-16,Кольца+Заместители
LYS,-1.73239,0.855359,A1L,24,1.41595e-16,Кольца+Заместители
MET,-1.73239,1,A1L,24,1.41595e-16,Кольца+Заместители
PHE,1.03837,0.855359,A1L,24,1.41595e-16,Кольца+Заместители
PRO,0.826707,0.960448,A1L,24,1.41595e-16,Кольца+Заместители
SER,-1.73239,0.855359,A1L,24,1.41595e-16,Кольца+Заместители
THR,-1.73239,0.855359,A1L,24,1.41595e-16,Кольца+Заместители
TRP,4.13944,0.000325338,A1L,24,1.41595e-16,Кольца+Заместители
TYR,0.41938,1,A1L,24,1.41595e-16,Кольца+Заместители
VAL,-1.73239,0.855359,A1L,24,1.41595e-16,Кольца+Заместители
ALA,0.202729,1.89192e-26,BCR,61819,0,Кольца+Заместители
ARG,-3.29888,0,BCR,61819,0,Кольца+Заместители
ASN,-2.109,0,BCR,61819,0,Кольца+Заместители
ASP,-2.80398,0,BCR,61819,0,Кольца+Заместители
CYS,-1.05491,4.65676e-73,BCR,61819,0,Кольца+Заместители
GLN,-3.55555,0,BCR,61819,0,Кольца+Заместители
GLU,-5.15531,0,BCR,61819,0,Кольца+Заместители
GLY,-0.18514,9.59021e-17,BCR,61819,0,Кольца+Заместители
HIS,-0.514683,4.39123e-33,BCR,61819,0,Кольца+Заместители
ILE,1.04173,0,BCR,61819,0,Кольца+Заместители
LEU,0.900082,0,BCR,61819,0,Кольца+Заместители
LYS,-6.38796,0,BCR,61819,0,Кольца+Заместители
MET,0.308213,5.18346e-19,BCR,61819,0,Кольца+Заместители
PHE,2.16123,0,BCR,61819,0,Кольца+Заместители
PRO,-0.98544,1.21325e-198,BCR,61819,0,Кольца+Заместители
SER,-1.99932,0,BCR,61819,0,Кольца+Заместители
THR,-0.985744,2.48055e-234,BCR,61819,0,Кольца+Заместители
TRP,2.64342,0,BCR,61819,0,Кольца+Заместители
TYR,0.0493057,0.125099,BCR,61819,0,Кольца+Заместители
VAL,0.717216,0,BCR,61819,0,Кольца+Заместители
ALA,-0.132575,0.882113,ECN,169,4.8522e-34,Кольца+Заместители
ARG,-3.54831,0.00070909,ECN,169,4.8522e-34,Кольца+Заместители
ASN,-3.54831,0.00309164,ECN,169,4.8522e-34,Кольца+Заместители
ASP,-3.54831,0.00070909,ECN,169,4.8522e-34,Кольца+Заместители
CYS,-3.54831,0.171543,ECN,169,4.8522e-34,Кольца+Заместители
GLN,-1.73415,0.0954844,ECN,169,4.8522e-34,Кольца+Заместители
GLU,-3.54831,0.000205015,ECN,169,4.8522e-34,Кольца+Заместители
GLY,-2.54831,0.0028574,ECN,169,4.8522e-34,Кольца+Заместители
HIS,-3.54831,0.0585562,ECN,169,4.8522e-34,Кольца+Заместители
ILE,0.377659,0.427654,ECN,169,4.8522e-34,Кольца+Заместители
LEU,0.835324,0.00575616,ECN,169,4.8522e-34,Кольца+Заместители
LYS,-3.54831,0.000308506,ECN,169,4.8522e-34,Кольца+Заместители
MET,1.57438,0.00361464,ECN,169,4.8522e-34,Кольца+Заместители
PHE,1.97734,5.45072e-08,ECN,169,4.8522e-34,Кольца+Заместители
PRO,-1.98921,0.0396132,ECN,169,4.8522e-34,Кольца+Заместители
SER,-0.554558,0.361309,ECN,169,4.8522e-34,Кольца+Заместители
THR,0.588301,0.199199,ECN,169,4.8522e-34,Кольца+Заместители
TRP,2.00159,0.00396226,ECN,169,4.8522e-34,Кольца+Заместители
TYR,1.3039,0.00874079,ECN,169,4.8522e-34,Кольца+Заместители
VAL,1.25758,0.00030617,ECN,169,4.8522e-34,Кольца+Заместители
ALA,-0.0292082,0.917963,LUT,957,1.75318e-240,Кольца+Заместители
ARG,-6.9988,2.53468e-22,LUT,957,1.75318e-240,Кольца+Заместители
ASN,-0.267891,0.336252,LUT,957,1.75318e-240,Кольца+Заместители
ASP,0.759154,5.71755e-06,LUT,957,1.75318e-240,Кольца+Заместители
CYS,1.41005,1.46044e-07,LUT,957,1.75318e-240,Кольца+Заместители
GLN,0.15667,0.542453,LUT,957,1.75318e-240,Кольца+Заместители
GLU,-6.9988,1.11771e-27,LUT,957,1.75318e-240,Кольца+Заместители
GLY,0.972564,1.28016e-12,LUT,957,1.75318e-240,Кольца+Заместители
HIS,-6.9988,9.16578e-10,LUT,957,1.75318e-240,Кольца+Заместители
ILE,-2.01692,1.92796e-11,LUT,957,1.75318e-240,Кольца+Заместители
LEU,1.03044,3.44457e-20,LUT,957,1.75318e-240,Кольца+Заместители
LYS,-6.9988,2.86388e-25,LUT,957,1.75318e-240,Кольца+Заместители
MET,-6.9988,3.39648e-10,LUT,957,1.75318e-240,Кольца+Заместители
PHE,1.22875,7.9677e-13,LUT,957,1.75318e-240,Кольца+Заместители
PRO,0.918685,8.57038e-08,LUT,957,1.75318e-240,Кольца+Заместители
SER,-0.564201,0.0062771,LUT,957,1.75318e-240,Кольца+Заместители
THR,-0.362998,0.121902,LUT,957,1.75318e-240,Кольца+Заместители
TRP,2.94304,5.61751e-46,LUT,957,1.75318e-240,Кольца+Заместители
TYR,-6.9988,3.99821e-13,LUT,957,1.75318e-240,Кольца+Заместители
VAL,-5.9988,1.67445e-26,LUT,957,1.75318e-240,Кольца+Заместители
ALA,0.337568,0.965843,LUX,61,3.01826e-08,Кольца+Заместители
ARG,-1.4422,0.246597,LUX,61,3.01826e-08,Кольца+Заместители
ASN,0.201246,1,LUX,61,3.01826e-08,Кольца+Заместители
ASP,0.88949,0.521137,LUX,61,3.01826e-08,Кольца+Заместители
CYS,-1.4422,1,LUX,61,3.01826e-08,Кольца+Заместители
GLN,0.320953,1,LUX,61,3.01826e-08,Кольца+Заместители
GLU,-1.4422,0.24163,LUX,61,3.01826e-08,Кольца+Заместители
GLY,-0.078166,1,LUX,61,3.01826e-08,Кольца+Заместители
HIS,-1.4422,0.765922,LUX,61,3.01826e-08,Кольца+Заместители
ILE,-1.4422,0.24163,LUX,61,3.01826e-08,Кольца+Заместители
LEU,0.61741,0.57095,LUX,61,3.01826e-08,Кольца+Заместители
LYS,-1.4422,0.24163,LUX,61,3.01826e-08,Кольца+Заместители
MET,-1.4422,0.765922,LUX,61,3.01826e-08,Кольца+Заместители
PHE,1.27756,0.246597,LUX,61,3.01826e-08,Кольца+Заместители
PRO,1.06589,0.378864,LUX,61,3.01826e-08,Кольца+Заместители
SER,0.500546,0.765922,LUX,61,3.01826e-08,Кольца+Заместители
THR,-0.163949,1,LUX,61,3.01826e-08,Кольца+Заместители
TRP,3.0567,0.00347322,LUX,61,3.01826e-08,Кольца+Заместители
TYR,-1.4422,0.580153,LUX,61,3.01826e-08,Кольца+Заместители
VAL,-0.442205,1,LUX,61,3.01826e-08,Кольца+Заместители
ALA,-2.59763,0.0986177,NEX,57,3.1627e-84,Кольца+Заместители
ARG,-2.59763,0.152336,NEX,57,3.1627e-84,Кольца+Заместители
ASN,-2.59763,0.236418,NEX,57,3.1627e-84,Кольца+Заместители
ASP,-1.59763,0.467995,NEX,57,3.1627e-84,Кольца+Заместители
CYS,-2.59763,0.852827,NEX,57,3.1627e-84,Кольца+Заместители
GLN,-2.59763,0.270176,NEX,57,3.1627e-84,Кольца+Заместители
GLU,-2.59763,0.103802,NEX,57,3.1627e-84,Кольца+Заместители
GLY,-2.59763,0.103802,NEX,57,3.1627e-84,Кольца+Заместители
HIS,-2.59763,0.598881,NEX,57,3.1627e-84,Кольца+Заместители
ILE,-2.59763,0.123377,NEX,57,3.1627e-84,Кольца+Заместители
LEU,-1.45467,0.236418,NEX,57,3.1627e-84,Кольца+Заместители
LYS,-2.59763,0.123377,NEX,57,3.1627e-84,Кольца+Заместители
MET,-2.59763,0.594613,NEX,57,3.1627e-84,Кольца+Заместители
PHE,1.79045,0.0273606,NEX,57,3.1627e-84,Кольца+Заместители
PRO,3.22264,5.70337e-17,NEX,57,3.1627e-84,Кольца+Заместители
SER,-2.59763,0.103802,NEX,57,3.1627e-84,Кольца+Заместители
THR,-2.59763,0.143775,NEX,57,3.1627e-84,Кольца+Заместители
TRP,-2.59763,1,NEX,57,3.1627e-84,Кольца+Заместители
TYR,3.56377,3.33285e-16,NEX,57,3.1627e-84,Кольца+Заместители
VAL,-2.59763,0.103802,NEX,57,3.1627e-84,Кольца+Заместители
ALA,0.321399,0.306242,XAT,329,9.51055e-75,Кольца+Заместители
ARG,-5.51562,1.22768e-07,XAT,329,9.51055e-75,Кольца+Заместители
ASN,0.0919678,0.972273,XAT,329,9.51055e-75,Кольца+Заместители
ASP,0.680676,0.0371102,XAT,329,9.51055e-75,Кольца+Заместители
CYS,0.213511,0.972273,XAT,329,9.51055e-75,Кольца+Заместители
GLN,0.764216,0.039741,XAT,329,9.51055e-75,Кольца+Заместители
GLU,-5.51562,2.58315e-09,XAT,329,9.51055e-75,Кольца+Заместители
GLY,-0.261445,0.608197,XAT,329,9.51055e-75,Кольца+Заместители
HIS,-2.90338,0.0178881,XAT,329,9.51055e-75,Кольца+Заместители
ILE,-1.69888,0.00122257,XAT,329,9.51055e-75,Кольца+Заместители
LEU,0.373831,0.15073,XAT,329,9.51055e-75,Кольца+Заместители
LYS,-4.29358,2.06649e-07,XAT,329,9.51055e-75,Кольца+Заместители
MET,-0.164293,0.996727,XAT,329,9.51055e-75,Кольца+Заместители
PHE,1.96183,3.11431e-15,XAT,329,9.51055e-75,Кольца+Заместители
PRO,1.77765,1.34099e-13,XAT,329,9.51055e-75,Кольца+Заместители
SER,-4.51562,1.03482e-08,XAT,329,9.51055e-75,Кольца+Заместители
THR,-0.720687,0.145402,XAT,329,9.51055e-75,Кольца+Заместители
TRP,2.43284,7.65102e-09,XAT,329,9.51055e-75,Кольца+Заместители
TYR,-0.0356733,1,XAT,329,9.51055e-75,Кольца+Заместители
VAL,-2.87341,1.61644e-06,XAT,329,9.51055e-75,Кольца+Заместители
ALA,0.220272,0.253561,ZEX,794,6.02034e-178,Кольца+Заместители
ARG,-2.57945,9.22845e-11,ZEX,794,6.02034e-178,Кольца+Заместители
ASN,0.123479,0.712512,ZEX,794,6.02034e-178,Кольца+Заместители
ASP,-0.812768,0.00497335,ZEX,794,6.02034e-178,Кольца+Заместители
CYS,0.057937,0.960271,ZEX,794,6.02034e-178,Кольца+Заместители
GLN,-4.96627,3.15327e-12,ZEX,794,6.02034e-178,Кольца+Заместители
GLU,-5.96627,4.83446e-23,ZEX,794,6.02034e-178,Кольца+Заместители
GLY,-0.495022,0.0378198,ZEX,794,6.02034e-178,Кольца+Заместители
HIS,0.73246,0.0188122,ZEX,794,6.02034e-178,Кольца+Заместители
ILE,0.351994,0.09629,ZEX,794,6.02034e-178,Кольца+Заместители
LEU,-0.277493,0.154217,ZEX,794,6.02034e-178,Кольца+Заместители
LYS,-5.96627,6.42017e-21,ZEX,794,6.02034e-178,Кольца+Заместители
MET,-0.0727748,0.960271,ZEX,794,6.02034e-178,Кольца+Заместители
PHE,2.03473,6.26928e-41,ZEX,794,6.02034e-178,Кольца+Заместители
PRO,0.170991,0.557384,ZEX,794,6.02034e-178,Кольца+Заместители
SER,-1.08623,2.34326e-05,ZEX,794,6.02034e-178,Кольца+Заместители
THR,-2.86621,3.15327e-12,ZEX,794,6.02034e-178,Кольца+Заместители
TRP,1.76947,2.12112e-08,ZEX,794,6.02034e-178,Кольца+Заместители
TYR,2.12623,1.03912e-35,ZEX,794,6.02034e-178,Кольца+Заместители
VAL,0.662892,0.000110089,ZEX,794,6.02034e-178,Кольца+Заместители
